,title,danceability,energy,key,loudness,mode,speechiness,acousticness,instrumentalness,liveness,valence,tempo,duration_ms,uri
0,All Too Well,0.602,0.609,0,-7.803,1,0.0243,0.0382,0.0002,0.127,0.337,93.06,327893,spotify:track:1q3RiD1tIWUpGsNFADMlvl
1,Clean,0.815,0.377,4,-7.754,1,0.0346,0.232,0.0,0.1,0.211,103.97,271000,spotify:track:4bXCcoesMt8u99xMsbLr9U
2,hoax,0.662,0.181,8,-15.065,1,0.0415,0.966,3.86e-06,0.133,0.429,118.819,220043,spotify:track:6MWoRt97mnSTXZhu3ggi9C
3,Lover,0.359,0.543,7,-7.582,1,0.0919,0.492,1.58e-05,0.118,0.453,68.534,221307,spotify:track:1dGr1c8CrMLDpV6mPbImSI
4,Blank Space,0.752,0.678,5,-5.421,1,0.0646,0.085,1.64e-06,0.13,0.583,96.009,231827,spotify:track:1p80LdxRV74UKvL8gnD7ky
5,‘tis the damn season,0.575,0.434,5,-8.193,1,0.0312,0.735,6.59e-05,0.105,0.348,145.916,229840,spotify:track:6sQckd3Z8NPxVVKUnavY1F
6,We Are Never Ever Getting Back Together,0.628,0.676,7,-5.911,1,0.0916,0.00957,2.65e-05,0.102,0.75,85.984,191880,spotify:track:7AEAGTc8cReDqcbPoY9gwo
7,marjorie,0.535,0.561,5,-11.609,1,0.0484,0.876,0.000136,0.115,0.287,96.103,257773,spotify:track:5uICWmZTLkpEVbK22PBP6e
8,Delicate,0.75,0.404,9,-10.178,0,0.0682,0.216,0.000357,0.0911,0.0499,95.045,232253,spotify:track:6NFyWDv5CjfwuzoCkw47Xf
9,State Of Grace,0.588,0.825,4,-5.882,1,0.0328,0.000197,0.00138,0.0885,0.397,129.968,295187,spotify:track:5zyCYmiaVE5y26EZuwZbsw
10,All You Had To Do Was Stay,0.605,0.725,5,-5.729,1,0.0323,0.00201,2.02e-05,0.101,0.539,96.97,193293,spotify:track:0lmMtDQ2ElasKU2qDAE6NN
11,New Romantics,0.633,0.889,5,-5.87,1,0.0715,0.00463,0.000458,0.0658,0.584,121.956,230467,spotify:track:6rZVy6FIG7lSJQMFXHo12z
12,evermore (feat. Bon Iver),0.39,0.27,1,-10.673,1,0.0308,0.937,0.00227,0.111,0.32,125.177,304107,spotify:track:3O5osWf1rSoKMwe6E9ZaXP
13,Cruel Summer,0.552,0.702,9,-5.707,1,0.157,0.117,2.06e-05,0.105,0.564,169.994,178427,spotify:track:1BxfuPKGuaTgP7aM0Bbdwr
14,august,0.532,0.623,5,-9.208,1,0.0331,0.538,7.28e-05,0.0925,0.403,89.937,261923,spotify:track:3hUxzQpSfdDqwM3ZTFQY0K
15,Fearless (Taylor’s Version),0.569,0.741,5,-4.963,1,0.0282,0.0122,0.0,0.333,0.43,100.118,241592,spotify:track:77sMIMlNaSURUAXq5coCxE
16,Holy Ground,0.627,0.816,4,-6.698,1,0.0774,0.0162,0.00208,0.0966,0.648,157.043,201853,spotify:track:5d2Kn9oAAh9S2EbyCo1i52
17,coney island (feat. The National),0.537,0.537,8,-11.266,1,0.0617,0.819,0.000904,0.142,0.292,107.895,275320,spotify:track:2awNGIJHodfLZSClB3PYhz
18,The Story Of Us,0.543,0.818,4,-3.611,1,0.0398,0.00478,0.000368,0.0357,0.683,139.898,265667,spotify:track:3RBluWmSoG2pGA1OePzGJI
19,right where you left me - bonus track,0.581,0.619,10,-6.524,1,0.0282,0.769,0.000106,0.117,0.645,137.915,245027,spotify:track:3zwMVvkBe2qIKDObWgXw4N
20,invisible string,0.653,0.452,4,-11.143,0,0.055,0.838,7.73e-05,0.108,0.45,83.433,252881,spotify:track:6VsvKPJ4xjVNKpI8VVZ3SV
21,Mean,0.568,0.761,4,-3.987,1,0.0459,0.452,0.0,0.217,0.789,163.974,237733,spotify:track:5yEPktRqvIhko5QFF3aBhQ
22,ivy,0.515,0.545,2,-9.277,1,0.0353,0.855,1.97e-05,0.0921,0.535,88.856,260440,spotify:track:19CSr8rwW05VJL2F91KFNK
23,betty,0.593,0.377,0,-8.761,1,0.0253,0.6,0.0,0.0976,0.502,95.939,294521,spotify:track:5kI4eCXXzyuIUXjQra0Cxi
24,seven,0.596,0.488,4,-10.769,1,0.0274,0.9,2.7e-05,0.091,0.415,94.926,208907,spotify:track:6KJqZcs9XDgVck7Lg9QOTC
25,You’re Not Sorry (Taylor’s Version),0.506,0.444,6,-4.99,1,0.0285,0.0538,0.0,0.123,0.241,133.873,261843,spotify:track:6iiAfo4wTA2CVC3Uwx9uh8
26,my tears ricochet,0.456,0.263,0,-10.63,1,0.0332,0.806,0.0,0.0749,0.111,129.86,255894,spotify:track:1MgV7FIyNxIG7WzMRJV5HC
27,cardigan,0.613,0.581,0,-8.588,0,0.0424,0.537,0.000345,0.25,0.551,130.033,239560,spotify:track:4R2kfaDFhslZEMJqAFNpdd
28,I Knew You Were Trouble.,0.622,0.469,3,-6.798,0,0.0363,0.00454,2.25e-06,0.0398,0.679,77.019,217973,spotify:track:72jCZdH0Lhg93z6Z4hBjgj
29,the lakes - bonus track,0.313,0.258,2,-11.532,1,0.0383,0.842,1.3e-06,0.0948,0.268,179.947,211813,spotify:track:0eFQWVz0qIxDOvhLpZ40P7
30,Dress,0.719,0.469,0,-8.792,1,0.0533,0.0329,0.0,0.169,0.0851,120.085,230373,spotify:track:6oVxXO5oQ4pTpO8RSnkzvv
31,Forever & Always (Taylor’s Version),0.598,0.821,10,-4.433,1,0.0447,0.0231,0.0,0.143,0.673,128.03,225328,spotify:track:1msEuwSBneBKpVCZQcFTsU
32,the last great american dynasty,0.688,0.653,7,-8.558,1,0.0403,0.481,0.00414,0.106,0.701,147.991,231000,spotify:track:2olxzvoFI9IpxqFeUv7WOX
33,The Archer,0.292,0.574,0,-9.375,1,0.0401,0.12,0.00569,0.0663,0.166,124.344,211240,spotify:track:3pHkh7d0lzM2AldUtz2x37
34,willow,0.392,0.574,7,-9.195,1,0.17,0.833,0.00179,0.145,0.529,81.112,214707,spotify:track:0lx2cLdOt3piJbcaXIV74f
35,You Belong With Me (Taylor’s Version),0.632,0.773,6,-4.856,1,0.0346,0.0623,0.0,0.0885,0.474,130.033,231124,spotify:track:1qrpoAMXodY6895hGKoUpA
36,exile (feat. Bon Iver),0.31,0.374,6,-8.464,1,0.0275,0.761,2.46e-05,0.11,0.16,75.938,285640,spotify:track:5S4aYQAJOwJMAamANWlICO
37,dorothea,0.605,0.488,4,-8.322,1,0.0264,0.696,0.0,0.129,0.354,119.966,225880,spotify:track:66tOfHVH3aUrscg8vExRV4
38,Style,0.588,0.791,7,-5.595,1,0.0402,0.00245,0.00258,0.118,0.487,94.933,231000,spotify:track:1fo2ctLqj3zBhRQKOXprol
39,Getaway Car,0.562,0.689,2,-6.745,1,0.127,0.00465,2.23e-06,0.0888,0.351,172.054,233627,spotify:track:0VE4kBnHJUgtMf0dy6DRmW
40,Mine,0.624,0.757,7,-2.94,1,0.0296,0.00265,1.87e-06,0.189,0.658,121.07,230707,spotify:track:0dBW6ZsW8skfvoRfgeerBF
41,Paper Rings,0.811,0.719,9,-6.553,1,0.0497,0.0129,1.36e-05,0.0742,0.865,103.979,222400,spotify:track:4y5bvROuBDPr5fuwXbIBZR
42,New Year’s Day,0.661,0.151,0,-12.864,1,0.0354,0.921,0.0,0.13,0.23,94.922,235467,spotify:track:7F5oktn5YOsR9eR5YsFtqb
43,peace,0.647,0.272,5,-12.906,1,0.0916,0.918,1.73e-05,0.0918,0.339,150.044,234000,spotify:track:7MbT4I8qGntX4fMdqMQgke
44,It’s Nice To Have A Friend,0.737,0.175,10,-9.912,1,0.0401,0.971,0.000337,0.171,0.545,70.008,150440,spotify:track:1SmiQ65iSAbPto6gPFlBYm
45,the 1,0.777,0.357,0,-6.942,1,0.0522,0.757,7.28e-06,0.108,0.172,139.883,210252,spotify:track:0Jlcvv8IykzHaSmj49uNW8
46,Miss Americana & The Heartbreak Prince,0.662,0.747,11,-6.926,0,0.0736,0.028,0.00615,0.138,0.487,150.088,234147,spotify:track:214nt20w5wOxJnY462klLw
47,closure,0.689,0.704,9,-10.813,1,0.245,0.835,4.83e-06,0.134,0.92,151.884,180653,spotify:track:35rdVq36LMHQX0Suw9a6tK
48,long story short,0.546,0.73,0,-7.704,1,0.0417,0.66,0.179,0.0972,0.573,157.895,215920,spotify:track:5VYWxXUpxuxEmCqMLDqICo
49,"no body, no crime (feat. HAIM)",0.547,0.613,7,-7.577,0,0.0264,0.431,0.0,0.102,0.528,79.011,215627,spotify:track:257CUonahBouFWEhouuLYQ
50,epiphany,0.354,0.267,1,-13.69,1,0.0281,0.731,0.000402,0.0858,0.113,94.219,289749,spotify:track:08fa9LFcFBTcilB3iq2e2A
51,it’s time to go - bonus track,0.592,0.41,0,-12.426,1,0.0397,0.801,1.39e-05,0.09,0.416,151.923,254640,spotify:track:1kdWw77ZpYOkhxeuhzU1j6
52,Teardrops On My Guitar - Radio Single Remix,0.621,0.417,10,-6.941,1,0.0231,0.288,0.0,0.119,0.289,99.953,203040,spotify:track:7zMcNqs55Mxer82bvZFkpg
53,happiness,0.559,0.334,11,-10.733,1,0.0376,0.87,0.0,0.114,0.211,122.079,315147,spotify:track:73YUReisjb3A9ActdLLjJQ
54,Come Back...Be Here,0.483,0.548,4,-6.291,1,0.0254,0.00471,2.01e-06,0.0997,0.217,79.926,222707,spotify:track:4qyalTRMRH5YuEntvvMvq0
55,Wildest Dreams,0.55,0.688,8,-7.416,1,0.0897,0.0692,0.00144,0.106,0.465,139.997,220440,spotify:track:106R7Z57WYzBAfrXImV30y
56,Forever Winter (Taylor's Version) (From The Vault),0.611,0.552,7,-5.828,1,0.031,0.256,0.0,0.134,0.41,116.012,263533,spotify:track:3oGVx9RBmiYGv5ZCecWLkx
57,22,0.658,0.729,7,-6.561,1,0.0378,0.00215,0.0013,0.0752,0.668,104.007,230133,spotify:track:3bIxTsfeNMO7Nt2J3EUKrA
58,Soon You’ll Get Better (feat. The Chicks),0.433,0.182,0,-12.566,1,0.0641,0.907,0.0,0.123,0.421,207.476,201587,spotify:track:4AYtqFyFbX0Xkc2wtcygTr
59,The Way I Loved You (Taylor’s Version),0.402,0.732,5,-4.665,1,0.0484,0.0033,0.0,0.108,0.472,161.032,243137,spotify:track:22bPsP2jCgbLUvh82U0Z3M
60,Don’t You (Taylor’s Version) (From The Vault),0.563,0.473,3,-11.548,1,0.0503,0.514,1.2e-05,0.109,0.405,101.934,208609,spotify:track:4uuEGH5SVuzkkSFjo2DEiY
61,Long Live,0.418,0.68,7,-4.3,1,0.0347,0.036,7.59e-05,0.114,0.142,204.12,317453,spotify:track:7DjCRhhFo9PPzca1BjMLcf
62,Red,0.602,0.896,1,-4.267,0,0.0437,0.0773,8.87e-05,0.091,0.641,124.978,220827,spotify:track:1RvQQGwaPipiNgz8RXAKA8
63,Mr. Perfectly Fine (Taylor’s Version) (From The Vault),0.66,0.817,11,-6.269,0,0.0521,0.162,0.0,0.0667,0.714,135.942,277592,spotify:track:2CYVETnhM9aytqrazYYwrK
64,Sad Beautiful Tragic,0.624,0.34,7,-12.411,1,0.029,0.632,0.0337,0.121,0.261,129.987,283680,spotify:track:5QKhg4r4Ibt0LVTmWEXTEg
65,Enchanted,0.455,0.623,8,-3.878,1,0.0288,0.0739,0.000424,0.146,0.208,163.893,352187,spotify:track:14LtANuaslKWyYbktUrHBU
66,This Love,0.481,0.435,4,-8.795,1,0.0321,0.678,0.0,0.0928,0.107,143.95,250093,spotify:track:1kTPQnabROVkW9bUXdCGrB
67,mad woman,0.592,0.699,3,-8.995,1,0.0471,0.655,1.68e-05,0.114,0.506,141.916,237258,spotify:track:2QDyYdZyhlP2fp79KZX8Bi
68,Fifteen (Taylor’s Version),0.559,0.646,7,-4.61,1,0.0272,0.116,0.0,0.32,0.289,95.466,294419,spotify:track:2nqio0SfWg6gh2eCtfuMa5
69,Begin Again,0.53,0.526,7,-8.349,1,0.0263,0.199,3.52e-06,0.232,0.323,79.025,237613,spotify:track:48A0aShHlovDfTMucMrE66
70,Out Of The Woods,0.553,0.841,7,-6.937,1,0.0396,0.000743,1.19e-05,0.341,0.338,92.008,235800,spotify:track:6Nde5KuTXyB7jlPO4upaBo
71,tolerate it,0.316,0.361,9,-10.381,1,0.0488,0.878,2.67e-05,0.0797,0.221,74.952,245440,spotify:track:0PurA4JVJ8YQgSVopY8fn6
72,I Wish You Would,0.653,0.893,0,-5.966,1,0.0538,0.0158,4.95e-05,0.102,0.513,118.035,207440,spotify:track:1B5VzXPqMlvRw0U4HJY3dJ
73,Better Than Revenge,0.516,0.917,11,-3.186,0,0.0827,0.0139,6.37e-06,0.36,0.635,145.821,217160,spotify:track:1By2VQkUN0Frd8mKNV5NYC
74,Tim McGraw,0.58,0.491,0,-6.462,1,0.0251,0.575,0.0,0.121,0.425,76.009,232107,spotify:track:0Om9WAB5RS09L80DyOfTNa
75,Come In With The Rain (Taylor’s Version),0.476,0.564,2,-5.677,1,0.0269,0.0406,0.0,0.102,0.167,143.929,237339,spotify:track:1n2wszmJyVkw6FHqyLnQsY
76,Nothing New (feat. Phoebe Bridgers) (Taylor’s Version) (From The Vault),0.606,0.377,0,-9.455,1,0.0275,0.817,0.0,0.154,0.446,101.96,258813,spotify:track:01K4zKU104LyJ8gMb7227B
77,Wonderland,0.422,0.692,3,-5.447,1,0.0549,0.0493,2.57e-05,0.177,0.197,184.014,245560,spotify:track:6iWMI5oOhWrDbLbjmwTWFq
78,I Bet You Think About Me (feat. Chris Stapleton) (Taylor’s Version) (From The Vault),0.391,0.715,0,-4.516,1,0.0495,0.167,0.0,0.183,0.473,149.654,285107,spotify:track:4CkgMiMqZ5JzW9iYXSTMTL
79,The Other Side Of The Door (Taylor’s Version),0.432,0.873,4,-4.367,1,0.0577,0.0279,0.0,0.167,0.629,163.936,238444,spotify:track:1cSFlSBdpT4F5vb1frQ231
80,Haunted,0.436,0.95,5,-2.627,1,0.057,0.0826,1.08e-06,0.149,0.352,162.088,242080,spotify:track:11UaQaEp2LvdspTyyuE3ur
81,You Are In Love,0.474,0.48,2,-8.894,1,0.0622,0.707,0.000108,0.0903,0.319,170.109,267107,spotify:track:4A2LfnduSTsE8u0ecYROxE
82,The Very First Night (Taylor's Version) (From The Vault),0.678,0.733,7,-5.025,1,0.0281,0.00115,0.0,0.104,0.581,121.009,200280,spotify:track:6pYNq0ZwpPVazKzsqpf0G8
83,Speak Now,0.709,0.599,7,-3.734,1,0.0304,0.095,0.0,0.0973,0.735,118.975,240760,spotify:track:1nYWTzy5zu3zEPNgB1sItW
84,Cornelia Street,0.824,0.624,0,-9.728,1,0.0827,0.781,0.000189,0.1,0.248,102.012,287267,spotify:track:12M5uqx0ZuwkpLp5rJim1a
85,Bye Bye Baby (Taylor’s Version) (From The Vault),0.624,0.624,5,-7.86,1,0.0539,0.334,0.0,0.0995,0.527,80.132,242158,spotify:track:4qUijfYU8EoIWiY6oSyrgT
86,champagne problems,0.462,0.24,0,-12.077,1,0.0377,0.92,0.0,0.113,0.32,171.319,244000,spotify:track:0sY6ZUTh4yoctD8VIXz339
87,Our Song,0.668,0.672,2,-4.931,1,0.0303,0.111,0.0,0.329,0.539,89.011,201107,spotify:track:15DeqWWQB4dcEWzJg15VrN
88,Gorgeous,0.8,0.535,7,-6.684,1,0.135,0.0713,9.48e-06,0.213,0.451,92.027,209680,spotify:track:1ZY1PqizIl78geGM4xWlEA
89,Stay Stay Stay,0.729,0.748,0,-6.67,1,0.0245,0.307,1.29e-06,0.09,0.928,99.981,204827,spotify:track:1x0J8LFX23d5h1zzuzZorc
90,We Were Happy (Taylor’s Version) (From The Vault),0.609,0.373,0,-8.819,1,0.0263,0.849,0.0,0.0779,0.13,106.007,244237,spotify:track:34V9RiEPe8MNdU32qJsJa1
91,Back To December,0.529,0.67,2,-4.663,1,0.0303,0.117,0.0,0.334,0.286,141.893,293027,spotify:track:3DrjZArsPsoqbLzUZZV1Id
92,gold rush,0.512,0.462,9,-10.491,1,0.0408,0.83,0.166,0.121,0.353,112.05,185320,spotify:track:3Dby3p1m6IOZn2gIIqECgK
93,Love Story (Taylor’s Version),0.627,0.792,2,-4.311,1,0.031,0.13,3.97e-06,0.0845,0.415,119.054,235767,spotify:track:6YvqWjhGD8mB5QXcbcUKtx
94,Sparks Fly,0.605,0.787,5,-3.002,1,0.0308,0.0396,1.42e-06,0.163,0.374,114.987,260933,spotify:track:1q8E1FfFuhd12c5JcJwPxQ
95,mirrorball,0.553,0.413,2,-10.037,1,0.0334,0.687,2.33e-06,0.0594,0.379,110.107,208978,spotify:track:0ZNU020wNYvgW84iljPkPP
96,Breathe (feat. Colbie Caillat) (Taylor’s Version),0.506,0.626,1,-6.066,1,0.0287,0.156,0.0,0.228,0.321,148.035,263377,spotify:track:7HC7R2D8WjXVcUHJyEGjRs
97,Shake It Off,0.648,0.785,7,-5.414,1,0.165,0.0561,0.0,0.148,0.943,160.02,219200,spotify:track:5xTtaWoae3wi06K5WfVUUH
98,White Horse (Taylor’s Version),0.423,0.517,0,-7.377,1,0.0486,0.369,0.0,0.177,0.366,185.262,234516,spotify:track:5YL553x8sHderRBDlm3NM3
99,Message In A Bottle (Taylor's Version) (From The Vault),0.622,0.791,7,-6.106,1,0.0535,0.00188,3.72e-06,0.083,0.494,115.915,225960,spotify:track:3z6XUommYDWPHeFhmhhT6j
100,Tell Me Why (Taylor’s Version),0.578,0.909,7,-3.669,1,0.0628,0.0222,0.0,0.333,0.541,100.023,200576,spotify:track:0k0vFacOHNuArLWMiH60p7
101,The Best Day (Taylor’s Version),0.642,0.576,1,-8.524,1,0.0282,0.488,0.0,0.159,0.469,125.0,245290,spotify:track:6ON9UuIq49xXY9GPmHIYRp
102,Afterglow,0.756,0.449,9,-8.746,1,0.0344,0.13,0.0,0.114,0.399,111.011,223293,spotify:track:1SymEzIT3H8UZfibCs3TYi
103,King Of My Heart,0.675,0.703,0,-7.902,1,0.0382,0.00882,2.21e-06,0.0391,0.314,110.01,214320,spotify:track:7HuBDWi18s4aJM8UFnNheH
104,Ronan (Taylor's Version),0.623,0.279,0,-10.802,1,0.031,0.661,0.0,0.193,0.38,116.04,264253,spotify:track:7nWui6jiMM2m9qFmET1Mtj
105,Treacherous,0.705,0.621,2,-8.086,1,0.0334,0.101,4.3e-06,0.147,0.395,109.993,240773,spotify:track:0XfOV7qY3834QpFVwOb6CC
106,The Outside,0.589,0.805,5,-4.055,1,0.0293,0.00491,0.0,0.24,0.591,112.982,207107,spotify:track:2QA3IixpRcKyOdG7XDzRgv
107,I Almost Do,0.567,0.481,4,-7.357,1,0.027,0.0173,4.13e-05,0.182,0.233,145.865,242573,spotify:track:31pEV5lPJi7btskZoUr2yu
108,Dear John,0.589,0.47,4,-5.32,1,0.028,0.166,1.45e-06,0.112,0.102,119.386,403920,spotify:track:1ubvV5ECkm6nSI6g1HmbBK
109,That’s When (feat. Keith Urban) (Taylor’s Version) (From The Vault),0.588,0.608,5,-7.062,1,0.0365,0.225,0.0,0.092,0.508,90.201,189496,spotify:track:7eResoqEJJAVTkQYSqvO3P
110,Hey Stephen (Taylor’s Version),0.788,0.571,6,-6.135,1,0.0296,0.106,0.0,0.0934,0.797,115.99,254255,spotify:track:550erGcdD9n6PnwxrvYqZT
111,Better Man (Taylor's Version) (From The Vault),0.473,0.579,4,-5.824,1,0.0384,0.214,0.0,0.0877,0.255,73.942,297013,spotify:track:4OmFmE0fzcMG6g0Y8p4eSD
112,Should've Said No,0.476,0.777,4,-3.771,0,0.0289,0.0103,0.0,0.196,0.472,167.964,242200,spotify:track:16MVSD0mGI4RMQT83Qzm69
113,Last Kiss,0.371,0.341,10,-9.475,1,0.0319,0.57,3.09e-05,0.101,0.196,89.038,367133,spotify:track:1D27z8xNzjW0Mwwt1NCWhJ
114,illicit affairs,0.529,0.304,10,-10.567,1,0.0356,0.862,0.0,0.108,0.44,119.58,190893,spotify:track:6DrLROM5MG9bxWHeEG5elq
115,London Boy,0.695,0.71,1,-6.639,1,0.05,0.0246,0.000104,0.133,0.557,157.925,190240,spotify:track:1LLXZFeAHK9R4xUramtUKw
116,I'm Only Me When I'm With You,0.563,0.934,8,-3.629,1,0.0646,0.00452,0.000807,0.103,0.518,143.964,213053,spotify:track:0JIdBrXGSJXS72zjF9ss9u
117,Daylight,0.557,0.496,0,-9.602,1,0.0563,0.808,0.000173,0.0772,0.265,149.983,293453,spotify:track:1fzAuUVbzlhZ1lJAx9PtY6
118,Jump Then Fall (Taylor’s Version),0.572,0.69,2,-6.201,1,0.0358,0.0474,0.0,0.0897,0.624,160.111,237580,spotify:track:2m3ObD945KvpE5y9A1eUWm
119,Ours,0.608,0.569,0,-7.227,1,0.0284,0.537,0.0,0.097,0.238,159.845,237920,spotify:track:1EQn3Uc5AyUXoiPLeyCrrg
120,I Did Something Bad,0.696,0.602,0,-6.156,0,0.159,0.0679,2.11e-05,0.0696,0.305,82.989,238253,spotify:track:4svZDCRz4cJoneBpjpx8DJ
121,this is me trying,0.511,0.478,9,-9.837,1,0.0322,0.312,2.3e-05,0.147,0.408,135.882,195107,spotify:track:7cm50Lw03k6VvRauJtkyTj
122,cowboy like me,0.604,0.517,0,-9.014,1,0.0347,0.768,0.000155,0.123,0.511,127.967,275040,spotify:track:52OkpDsU6MmPx1AwGOb6Ap
123,Everything Has Changed,0.624,0.458,6,-6.755,1,0.0287,0.36,3.89e-06,0.303,0.436,80.017,243933,spotify:track:7gdwoOmi258QJq0hmQ4hto
124,The Lucky One,0.706,0.499,4,-7.675,1,0.0369,0.0371,0.0,0.132,0.545,117.937,240133,spotify:track:2wtHlpYSgC7xEdD3DrSHNL
125,Death By A Thousand Cuts,0.712,0.732,4,-6.754,1,0.0629,0.454,0.0,0.319,0.313,94.071,198533,spotify:track:2dgFqt3w9xIQRjhPtwNk3D
126,I Know Places,0.602,0.755,0,-4.991,1,0.071,0.245,0.0,0.178,0.495,159.965,195707,spotify:track:2zfgVd034GlUvk7LqBHl6u
127,Cold As You,0.418,0.482,5,-5.769,1,0.0266,0.217,0.0,0.123,0.261,175.558,239013,spotify:track:7an1exwMnfYRcdVQm0yDev
128,You All Over Me (feat. Maren Morris) (Taylor’s Version) (From The Vault),0.599,0.494,2,-7.61,1,0.0372,0.816,0.0,0.101,0.44,142.893,220839,spotify:track:4CHpVfAhuxNJ3ibExe6kxO
129,Run (feat. Ed Sheeran) (Taylor’s Version) (From The Vault),0.61,0.488,3,-6.918,1,0.0293,0.817,0.0,0.312,0.443,125.039,240227,spotify:track:4IQkfUsrwXol38VV3U7t7T
130,Call It What You Want,0.598,0.504,9,-9.874,1,0.0731,0.186,0.000221,0.34,0.252,163.954,203507,spotify:track:1GwMQaZz6Au3QLDbjbMdme
131,Superstar (Taylor’s Version),0.454,0.555,2,-6.69,1,0.0283,0.157,0.0,0.343,0.171,171.862,263865,spotify:track:51A8eKvvZz9uydvIZ7xRSV
132,The Moment I Knew,0.62,0.506,7,-7.327,1,0.0312,0.187,1.47e-05,0.102,0.275,126.015,285560,spotify:track:5AsmAjBSSQjRPWgAYIp8tm
133,Stay Beautiful,0.594,0.629,8,-4.919,1,0.0246,0.0868,0.0,0.137,0.504,131.597,236053,spotify:track:2ZoOmCSgj0ypVAmGd1ve4y
134,Today Was A Fairytale (Taylor’s Version),0.482,0.779,7,-5.025,1,0.0409,0.0135,0.0,0.296,0.328,158.162,241822,spotify:track:2JoJrsEV15OzbijS47lids
135,Change (Taylor’s Version),0.499,0.815,5,-4.063,1,0.0341,0.000191,0.0,0.181,0.344,95.999,279360,spotify:track:3ExweHKZF9B752DPQByRVT
136,Babe (Taylor's Version) (From The Vault),0.584,0.743,4,-7.075,1,0.0931,0.0538,2.83e-06,0.121,0.746,167.844,224240,spotify:track:0v4z1tuZvn6LGknom9Qx7d
137,A Place in this World,0.576,0.777,9,-2.881,1,0.0324,0.051,0.0,0.32,0.428,115.028,199200,spotify:track:73OX8GdpOeGzKC6OvGSbsv
138,Back To December - Acoustic,0.541,0.453,2,-6.459,1,0.0266,0.748,0.0,0.2,0.377,141.757,292560,spotify:track:6IH2Z54gYPLqgJtxZjX80i
139,Starlight,0.649,0.777,9,-5.804,1,0.0406,0.0213,0.000335,0.221,0.587,126.018,217827,spotify:track:0vqI4ZIMuifeKeItGiWbPj
140,Innocent,0.552,0.608,1,-5.29,0,0.0259,0.186,0.0,0.125,0.17,134.05,302253,spotify:track:3kfgJql90tzgoxByioAMXR
141,How You Get The Girl,0.765,0.656,5,-6.112,1,0.0504,0.00364,0.00868,0.0918,0.545,119.997,247533,spotify:track:6wfugRLamFsTRbPcCpNnP7
142,Mary's Song (Oh My My My),0.403,0.627,2,-5.28,1,0.0292,0.0177,0.0,0.182,0.374,74.9,213080,spotify:track:2QrQCMel6v2JiLxqrg4p2O
143,I Think He Knows,0.897,0.366,0,-8.029,1,0.0569,0.00889,0.000353,0.0715,0.416,100.003,173387,spotify:track:2YWtcWi3a83pdEg3Gif4Pd
144,So It Goes...,0.574,0.61,2,-7.283,1,0.0732,0.122,1.1e-06,0.13,0.374,74.957,227907,spotify:track:5PxFv9yJEg9dxvbZggykro
145,Untouchable (Taylor’s Version),0.393,0.531,5,-6.112,1,0.0329,0.0181,0.0,0.169,0.224,200.391,312107,spotify:track:0tQ9vBYpldCuikPsbgOVKA
146,End Game,0.649,0.589,2,-6.237,1,0.0558,0.00845,0.0,0.108,0.151,159.073,244827,spotify:track:2x0WlnmfG39ZuDmstl9xfX
147,Picture To Burn,0.658,0.877,7,-2.098,1,0.0323,0.173,0.0,0.0962,0.821,105.586,173067,spotify:track:32mVHdy0bi1XKgr0ajsBlG
148,I Forgot That You Existed,0.664,0.316,5,-10.345,1,0.519,0.298,2.03e-06,0.0812,0.541,92.875,170640,spotify:track:43rA71bccXFGD4C8GOpIlN
149,Bad Blood,0.646,0.794,7,-6.104,1,0.19,0.0885,6.16e-06,0.201,0.287,170.216,211933,spotify:track:0yN4fNzmVnmgC0dsOoi9Wh
150,The Man,0.777,0.658,0,-5.191,1,0.054,0.0767,0.0,0.0901,0.633,110.048,190360,spotify:track:3RauEVgRgj1IuWdJ9fDs70
151,False God,0.739,0.32,11,-10.862,0,0.239,0.736,0.000147,0.111,0.351,79.97,200307,spotify:track:5hQSXkFgbxjZo9uCwd11so
152,Invisible,0.612,0.394,7,-5.723,1,0.0243,0.637,0.0,0.147,0.233,96.001,203227,spotify:track:5OOd01o2YS1QFwdpVLds3r
153,Dancing With Our Hands Tied,0.624,0.691,0,-6.686,0,0.196,0.0604,1.1e-05,0.138,0.284,160.024,211507,spotify:track:7I7JbDv63ZJJsSi24DyJrz
154,Welcome To New York,0.789,0.634,7,-4.762,1,0.0323,0.0348,1.64e-06,0.302,0.658,116.992,212600,spotify:track:33Kq0AT5rvwyE4azisG08x
155,Don’t Blame Me,0.615,0.534,9,-6.719,0,0.0386,0.106,1.76e-05,0.0607,0.193,135.917,236413,spotify:track:1R0a2iXumgCiFb7HEZ7gUE
156,The Last Time,0.505,0.443,2,-7.039,1,0.0276,0.035,3.15e-06,0.0921,0.123,94.069,298293,spotify:track:7vvIpJZye5cRR6De1LKM0m
157,You Need To Calm Down,0.771,0.671,2,-5.617,1,0.0553,0.00929,0.0,0.0637,0.714,85.026,171360,spotify:track:6RRNNciQGZEXnqk8SQ9yv5
158,If This Was A Movie,0.511,0.719,4,-3.457,1,0.0265,0.166,4.54e-06,0.34,0.289,147.852,234547,spotify:track:0vvt4IZOMkRug195S4MUq0
159,Never Grow Up,0.714,0.305,2,-8.837,1,0.0305,0.819,0.0,0.174,0.554,124.91,290467,spotify:track:74WBGgUnpKrJXt6TETfR6Z
160,A Perfectly Good Heart,0.483,0.751,4,-5.726,1,0.0365,0.00349,0.0,0.128,0.268,156.092,220147,spotify:track:1spLfUJxtyVyiKKTegQ2r4
161,Tied Together with a Smile,0.479,0.578,2,-4.963,1,0.0294,0.525,0.0,0.0841,0.192,146.165,248107,spotify:track:6K0CJLVXqbGMeJSmJ4ENKK
162,Look What You Made Me Do,0.766,0.709,9,-6.471,0,0.123,0.204,1.41e-05,0.126,0.506,128.07,211853,spotify:track:1P17dC1amhFzptugyAO7Il
163,Girl At Home,0.733,0.59,5,-5.86,1,0.0284,0.272,0.0,0.136,0.633,125.048,220320,spotify:track:6cf6rLb8qcklvJv90W6HCW
164,Superman,0.582,0.765,7,-3.648,1,0.0324,0.0268,1.95e-06,0.103,0.559,131.982,275960,spotify:track:2R7C9dDqv1UPycvepBFziA
165,This Is Why We Can't Have Nice Things,0.567,0.789,5,-5.986,1,0.115,0.0156,0.0,0.382,0.438,163.96,207133,spotify:track:07NxDD1iKCHbAldceD7QLP
166,ME! (feat. Brendon Urie of Panic! At The Disco),0.61,0.83,0,-4.105,1,0.0571,0.033,0.0,0.118,0.728,182.162,193000,spotify:track:2Rk4JlNc2TPmZe2af99d45
167,...Ready For It?,0.613,0.764,2,-6.509,1,0.136,0.0527,0.0,0.197,0.417,160.015,208187,spotify:track:2yLa0QULdQr0qAIvVwN6B5
